state,buy_point,signal,score,code,name,industry,price,change_pct,prior_peak_date,prior_peak_price,prior_trough_date,prior_trough_price,breakout_date,impulse_peak_date,impulse_gain_pct,breakout_volume_ratio,above_ma20_ratio_pct,pullback_days,drawdown_pct,pullback_volume_ratio,support_name,support_price,support_date,support_distance_pct,support_validations,confirmation_date,confirmation_body_ratio,confirmation_volume_ratio,confirmation_above_ma20,distance_ma20_pct,trigger,stop,target_2r,risk_pct,risk_reward,amount_yi,turnover,chart_url
B1,1,买点一·MA20回踩确认,63.5,600941,中国移动,未分类,97.71,1.67,2026-04-30,94.909,2026-06-29,85.38,2026-07-20,2026-08-03,16.43,2.09,100.0,9,3.93,0.63,MA20,95.196,2026-08-07,0.32,1,2026-08-14,25.25,2.44,True,1.54,98.326,96.23,102.52,2.13,2.0,13.42,,data/charts/600941.svg
B1,1,买点一·MA20回踩确认,61.5,002517,恺英网络,未分类,18.3,5.42,2026-06-15,15.09,2026-06-22,13.95,2026-06-25,2026-08-04,36.27,2.5,75.86,8,8.68,0.72,MA20,16.969,2026-08-13,2.3,1,2026-08-14,1.65,1.66,True,7.18,18.507,17.074,21.373,7.74,2.0,19.24,,data/charts/002517.svg
B1,1,买点一·MA20回踩确认,58.5,601225,陕西煤业,未分类,25.37,1.16,2026-05-19,23.841,2026-07-01,20.02,2026-07-20,2026-08-11,31.72,1.59,82.35,3,4.89,0.68,MA20,24.771,2026-08-13,1.25,1,2026-08-14,5.5,1.2,True,2.2,25.661,24.825,27.335,3.26,2.0,9.1,,data/charts/601225.svg
B1,1,买点一·MA20回踩确认,56.4,003013,地铁设计,未分类,18.78,5.62,2026-05-21,14.76,2026-05-27,13.75,2026-07-08,2026-08-07,39.49,1.62,82.61,5,8.92,0.7,MA20,16.665,2026-08-11,4.83,1,2026-08-14,2.62,1.87,True,10.41,18.838,17.01,22.493,9.7,2.0,2.34,,data/charts/003013.svg
B1,1,买点一·MA20回踩确认,56.3,603818,曲美家居,未分类,3.62,1.69,2026-06-15,3.08,2026-06-18,2.72,2026-07-01,2026-08-10,37.13,3.19,86.21,4,4.56,0.61,MA20,3.304,2026-08-13,7.73,1,2026-08-14,1.2,1.06,True,8.79,3.647,3.327,4.287,8.77,2.0,0.64,,data/charts/603818.svg
B1,1,买点一·MA20回踩确认,55.7,600395,盘江股份,未分类,5.18,3.19,2026-07-31,4.93,2026-08-05,4.76,2026-08-06,2026-08-12,8.4,2.25,100.0,2,2.71,0.51,MA20,4.825,2026-08-13,4.03,1,2026-08-14,3.2,2.09,True,6.62,5.23,4.859,5.974,7.11,2.0,2.3,,data/charts/600395.svg
B1,1,买点一·MA20回踩确认,55.5,600546,山煤国际,未分类,13.06,2.67,2026-07-31,12.75,2026-08-04,12.01,2026-08-06,2026-08-11,11.99,2.3,100.0,3,5.43,0.49,MA20,12.616,2026-08-13,0.83,1,2026-08-14,1.89,1.31,True,3.01,13.206,12.678,14.263,4.0,2.0,3.1,,data/charts/600546.svg
B1,1,买点一·MA20回踩确认,53.7,000155,川能动力,未分类,12.35,2.32,2026-07-15,11.38,2026-07-20,10.65,2026-07-23,2026-07-30,21.88,2.43,100.0,11,7.78,0.61,MA20,11.653,2026-08-06,2.72,1,2026-08-14,1.71,1.16,True,2.46,12.565,12.053,13.588,4.07,2.0,6.34,,data/charts/000155.svg
B1,1,买点一·MA20回踩确认,52.9,600111,北方稀土,未分类,42.66,4.0,2026-07-23,40.48,2026-07-29,38.11,2026-08-05,2026-08-07,18.34,2.31,100.0,5,9.05,0.69,MA20,40.314,2026-08-13,1.75,1,2026-08-14,1.66,1.87,True,5.14,43.066,40.575,48.048,5.78,2.0,44.8,,data/charts/600111.svg
B1,1,买点一·MA20回踩确认,52.6,603444,吉比特,未分类,390.3,1.57,2026-07-22,365.68,2026-07-27,344.22,2026-07-29,2026-08-11,16.2,2.07,100.0,3,4.17,0.71,MA20,371.124,2026-08-12,3.28,1,2026-08-14,5.12,1.73,True,4.14,392.784,374.775,428.803,4.59,2.0,12.52,,data/charts/603444.svg
B1,1,买点一·MA20回踩确认,52.6,002243,力合科创,未分类,7.51,0.67,2026-07-02,6.98,2026-07-13,6.23,2026-07-16,2026-08-03,21.83,2.82,76.92,9,4.22,0.7,MA20,6.982,2026-08-10,4.13,1,2026-08-14,2.0,1.06,True,5.92,7.605,7.091,8.635,6.77,2.0,0.89,,data/charts/002243.svg
B1,1,买点一·MA20回踩确认,50.6,601898,中煤能源,未分类,14.05,0.86,2026-07-14,13.5,2026-07-16,12.47,2026-08-06,2026-08-11,18.04,2.08,100.0,3,5.37,0.61,MA20,13.852,2026-08-13,0.56,1,2026-08-14,1.5,1.04,True,0.88,14.178,13.928,14.679,1.77,2.0,5.38,,data/charts/601898.svg
B1,1,买点一·MA20回踩确认,50.3,603376,大明电子,未分类,26.29,1.23,2026-07-24,24.28,2026-07-27,23.16,2026-07-30,2026-08-05,16.36,2.98,100.0,7,4.71,0.61,MA20,24.587,2026-08-07,4.45,1,2026-08-14,1.17,1.04,True,4.62,26.433,25.13,29.039,4.93,2.0,0.35,,data/charts/603376.svg
B1,1,买点一·MA20回踩确认,49.6,601699,潞安环能,未分类,16.42,2.82,2026-07-30,15.67,2026-08-04,14.4,2026-08-07,2026-08-11,15.76,2.37,100.0,3,4.2,0.66,MA20,15.447,2026-08-13,3.39,1,2026-08-14,2.15,1.35,True,5.6,16.473,15.55,18.32,5.61,2.0,5.73,,data/charts/601699.svg
B1,1,买点一·MA20回踩确认,49.5,002651,利君股份,未分类,8.39,9.96,2026-07-17,7.46,2026-07-20,6.96,2026-07-27,2026-08-04,15.66,1.32,100.0,8,5.22,0.82,MA20,7.595,2026-08-13,0.47,1,2026-08-14,4.53,2.28,True,9.56,8.407,7.658,9.904,8.91,2.0,1.47,,data/charts/002651.svg
B1,1,买点一·MA20回踩确认,49.4,000983,山西焦煤,未分类,6.84,2.7,2026-07-24,6.59,2026-07-28,6.17,2026-08-06,2026-08-12,12.64,1.71,100.0,2,4.17,0.57,MA20,6.49,2026-08-13,2.61,1,2026-08-14,2.8,1.45,True,4.75,6.894,6.53,7.621,5.28,2.0,4.3,,data/charts/000983.svg
B1,1,买点一·MA20回踩确认,48.9,601666,平煤股份,未分类,9.59,6.67,2026-07-30,8.27,2026-08-04,7.75,2026-08-06,2026-08-10,23.35,1.82,100.0,4,5.96,0.58,MA20,8.262,2026-08-13,8.82,1,2026-08-14,5.09,1.58,True,14.61,9.669,8.368,12.273,13.46,2.0,5.38,,data/charts/601666.svg
B1,1,买点一·MA20回踩确认,48.4,002835,同为股份,未分类,12.74,4.17,2026-07-21,11.83,2026-07-27,10.86,2026-08-06,2026-08-12,16.48,1.4,100.0,2,3.32,0.68,MA20,11.751,2026-08-13,4.08,1,2026-08-14,3.0,3.85,True,7.72,13.277,11.826,16.177,10.92,2.0,0.77,,data/charts/002835.svg
B1,1,买点一·MA20回踩确认,47.7,600971,恒源煤电,未分类,8.36,0.84,2026-07-24,7.98,2026-07-27,7.32,2026-08-06,2026-08-11,16.12,1.8,100.0,3,2.47,0.64,MA20,7.949,2026-08-13,4.28,1,2026-08-14,3.5,1.08,True,4.69,8.467,7.986,9.43,5.69,2.0,1.26,,data/charts/600971.svg
B1,1,买点一·MA20回踩确认,47.0,600969,郴电国际,未分类,8.75,1.39,2026-07-06,8.25,2026-07-09,7.07,2026-07-22,2026-08-11,24.75,2.08,93.33,3,2.15,0.82,MA20,8.259,2026-08-12,4.49,1,2026-08-14,2.5,1.45,True,5.02,8.938,8.332,10.151,6.78,2.0,1.1,,data/charts/600969.svg
B2,2,买点二·前高支撑确认,82.9,600228,返利科技,未分类,8.36,1.95,2026-03-31,5.76,2026-04-03,5.18,2026-06-09,2026-06-29,129.15,9.82,100.0,34,52.06,0.63,邻近前高,5.76,2026-03-31,1.22,1,2026-08-14,6.0,1.01,True,17.36,8.397,5.472,14.246,34.83,2.0,2.22,,data/charts/600228.svg
B2,2,买点二·前高支撑确认,80.3,600888,新疆众和,未分类,10.37,4.33,2026-04-29,8.67,2026-05-18,7.97,2026-05-25,2026-06-26,116.81,6.27,100.0,35,49.25,0.63,邻近前高,8.67,2026-04-29,1.15,1,2026-08-14,2.26,1.39,True,9.8,10.401,8.236,14.729,20.81,2.0,7.24,,data/charts/600888.svg
B2,2,买点二·前高支撑确认,74.7,000970,中科三环,未分类,13.59,2.49,2026-04-21,12.365,2026-06-02,10.705,2026-06-08,2026-07-07,60.02,6.92,100.0,28,29.42,0.59,邻近前高,12.365,2026-04-21,2.22,1,2026-08-14,1.74,1.09,True,4.01,13.757,11.747,17.779,14.62,2.0,5.52,,data/charts/000970.svg
B2,2,买点二·前高支撑确认,71.7,603226,菲林格尔,未分类,53.5,6.66,2026-04-23,41.31,2026-04-29,37.15,2026-05-07,2026-06-16,62.85,1.59,86.21,42,31.32,0.6,邻近前高,41.31,2026-04-23,0.58,1,2026-08-14,2.44,1.42,True,14.18,53.607,39.245,82.332,26.79,2.0,2.06,,data/charts/603226.svg
B2,2,买点二·前高支撑确认,68.9,002550,千红制药,未分类,7.2,2.13,2026-06-24,6.51,2026-06-29,5.67,2026-07-01,2026-07-15,30.51,3.71,100.0,22,12.43,0.52,邻近前高,6.51,2026-06-24,0.46,1,2026-08-14,1.04,1.22,True,5.21,7.295,6.184,9.515,15.22,2.0,4.87,,data/charts/002550.svg
B2,2,买点二·前高支撑确认,62.5,600713,南京医药,未分类,5.39,1.7,2026-06-23,5.05,2026-06-25,4.75,2026-07-13,2026-07-15,16.21,2.33,100.0,22,11.41,0.29,邻近前高,5.05,2026-06-23,3.17,1,2026-08-14,4.33,1.22,True,5.51,5.481,4.797,6.848,12.47,2.0,1.33,,data/charts/600713.svg
B2,2,买点二·前高支撑确认,62.4,002138,顺络电子,未分类,52.21,6.77,2026-05-13,38.52,2026-05-18,34.62,2026-05-19,2026-07-01,130.27,1.84,100.0,32,52.23,0.78,邻近前高,38.52,2026-05-13,1.14,1,2026-08-14,1.63,1.21,True,14.76,52.495,36.594,84.296,30.29,2.0,20.93,,data/charts/002138.svg
B2,2,买点二·前高支撑确认,58.8,603496,恒为科技,未分类,27.22,5.46,2026-06-10,23.54,2026-06-11,21.39,2026-07-09,2026-07-22,26.13,2.6,80.0,17,14.12,0.83,邻近前高,23.54,2026-06-10,1.57,1,2026-08-14,14.73,1.3,True,7.51,27.445,22.363,37.608,18.52,2.0,10.52,,data/charts/603496.svg
B2,2,买点二·前高支撑确认,55.4,000415,渤海租赁,未分类,4.51,0.9,2026-06-05,4.09,2026-06-10,3.62,2026-06-15,2026-07-08,31.22,1.85,88.24,27,13.47,0.8,邻近前高,4.09,2026-06-05,0.49,1,2026-08-14,2.5,1.15,True,2.33,4.599,3.885,6.027,15.52,2.0,1.92,,data/charts/000415.svg
B2,2,买点二·前高支撑确认,55.2,601099,太平洋,未分类,3.47,1.17,2026-06-15,3.45,2026-06-22,3.18,2026-06-25,2026-07-01,12.58,2.17,100.0,32,6.98,0.45,邻近前高,3.45,2026-06-15,3.48,1,2026-08-14,3.0,1.95,True,1.06,3.537,3.277,4.056,7.34,2.0,6.83,,data/charts/601099.svg
B2,2,买点二·前高支撑确认,55.1,600348,华阳股份,未分类,8.87,3.5,2026-07-08,8.453,2026-07-10,8.073,2026-08-06,2026-08-12,10.0,1.93,80.0,2,3.49,0.6,邻近前高,8.453,2026-07-08,1.38,1,2026-08-14,3.44,1.91,True,3.02,8.918,8.03,10.693,9.95,2.0,3.22,,data/charts/600348.svg
B2,2,买点二·前高支撑确认,52.8,003031,中瓷电子,未分类,130.08,10.0,2026-03-13,87.63,2026-03-24,71.44,2026-05-07,2026-06-23,188.28,1.16,63.64,38,55.77,0.74,邻近前高,87.63,2026-03-13,3.96,1,2026-08-14,2.67,1.26,True,20.94,130.34,83.248,224.523,36.13,2.0,16.32,,data/charts/003031.svg
B2,2,买点二·前高支撑确认,51.8,601229,上海银行,未分类,9.42,1.18,2026-06-23,9.21,2026-06-29,8.61,2026-07-28,2026-08-04,11.61,1.64,100.0,8,4.16,0.65,邻近前高,9.21,2026-06-23,0.0,1,2026-08-14,2.33,1.84,True,1.27,9.549,8.75,11.148,8.37,2.0,7.85,,data/charts/601229.svg
B2,2,买点二·前高支撑确认,51.1,603658,安图生物,未分类,33.67,3.92,2026-07-07,31.33,2026-07-10,30.04,2026-07-14,2026-08-03,15.51,1.9,100.0,9,7.75,0.82,邻近前高,31.33,2026-07-07,2.17,1,2026-08-14,8.36,3.18,True,3.05,34.679,29.763,44.511,14.17,2.0,3.02,,data/charts/603658.svg
B2,2,买点二·前高支撑确认,50.5,603800,洪田股份,未分类,68.81,7.52,2026-04-14,49.5,2026-04-20,45.0,2026-04-27,2026-06-26,104.96,1.39,100.0,35,48.28,0.82,邻近前高,49.5,2026-04-14,3.64,1,2026-08-14,1.7,1.41,True,13.48,69.619,47.025,114.807,32.45,2.0,4.87,,data/charts/603800.svg
B2,2,买点二·前高支撑确认,45.4,002091,江苏国泰,未分类,7.71,1.72,2026-07-07,7.59,2026-07-13,7.19,2026-07-29,2026-08-03,11.96,1.57,100.0,9,5.84,0.73,邻近前高,7.59,2026-07-07,0.13,1,2026-08-14,1.18,2.07,True,0.18,7.926,7.21,9.356,9.03,2.0,1.73,,data/charts/002091.svg
B3,3,买点三·前低支撑确认,76.9,002515,金字火腿,未分类,7.52,6.82,2026-06-03,7.17,2026-06-08,6.37,2026-06-17,2026-06-25,83.2,3.41,100.0,36,45.5,0.58,邻近前低,6.37,2026-06-08,0.16,1,2026-08-14,1.34,1.65,True,3.67,7.665,6.051,10.893,21.05,2.0,7.34,,data/charts/002515.svg
B3,3,买点三·前低支撑确认,75.1,002628,成都路桥,未分类,5.56,10.1,2026-06-12,5.28,2026-06-26,4.31,2026-06-30,2026-07-02,33.41,2.48,100.0,31,24.17,0.41,邻近前低,4.31,2026-06-26,1.16,1,2026-08-14,5.44,2.32,True,17.9,5.571,4.094,8.524,26.5,2.0,2.91,,data/charts/002628.svg
B3,3,买点三·前低支撑确认,73.7,002876,三利谱,未分类,29.07,6.45,2026-03-11,29.391,2026-03-23,23.811,2026-06-02,2026-06-25,49.26,2.41,94.12,36,31.68,0.52,邻近前低,23.811,2026-03-23,1.97,1,2026-08-14,2.36,2.62,True,8.56,29.298,22.62,42.655,22.79,2.0,2.27,,data/charts/002876.svg
B3,3,买点三·前低支撑确认,68.2,603358,华达科技,未分类,43.93,2.98,2026-04-20,38.24,2026-04-30,30.65,2026-06-18,2026-07-06,49.69,2.73,100.0,29,32.54,0.74,邻近前低,30.65,2026-04-30,0.98,1,2026-08-14,2.95,1.03,True,15.88,44.739,29.117,75.983,34.92,2.0,5.67,,data/charts/603358.svg
B3,3,买点三·前低支撑确认,63.8,002655,共达电声,未分类,33.99,6.15,2026-04-10,22.49,2026-04-13,20.8,2026-04-29,2026-06-26,153.46,2.21,84.62,35,59.62,0.59,邻近前低,20.8,2026-04-13,2.36,1,2026-08-14,2.26,1.13,True,25.51,34.068,19.76,62.684,42.0,2.0,10.03,,data/charts/002655.svg
B3,3,买点三·前低支撑确认,63.3,002520,日发精机,未分类,6.65,4.07,2026-04-17,5.75,2026-04-27,5.18,2026-05-07,2026-07-06,58.69,3.94,78.57,29,38.2,0.78,邻近前低,5.18,2026-04-27,1.93,1,2026-08-14,1.3,1.3,True,17.39,7.044,4.921,11.29,30.14,2.0,7.96,,data/charts/002520.svg
B3,3,买点三·前低支撑确认,61.9,002925,盈趣科技,未分类,23.41,1.34,2026-05-21,21.293,2026-05-29,18.98,2026-06-02,2026-07-01,39.88,3.03,95.24,32,29.34,0.7,邻近前低,18.98,2026-05-29,1.16,1,2026-08-14,1.41,1.38,True,5.68,24.539,18.031,37.555,26.52,2.0,4.02,,data/charts/002925.svg
B3,3,买点三·前低支撑确认,58.2,600522,中天科技,未分类,35.55,8.05,2026-04-09,31.92,2026-04-16,27.16,2026-04-21,2026-06-25,149.78,2.18,93.18,36,59.17,0.82,邻近前低,27.16,2026-04-16,1.99,1,2026-08-14,2.0,1.51,True,11.89,35.822,25.802,55.861,27.97,2.0,132.8,,data/charts/600522.svg
B3,3,买点三·前低支撑确认,57.0,600839,四川长虹,未分类,7.28,3.26,2026-07-01,7.18,2026-07-09,6.37,2026-07-13,2026-07-16,18.21,4.06,100.0,21,13.15,0.32,邻近前低,6.37,2026-07-09,2.67,1,2026-08-14,1.72,1.05,True,6.09,7.465,6.051,10.292,18.93,2.0,12.52,,data/charts/600839.svg
B3,3,买点三·前低支撑确认,47.8,600552,凯盛科技,未分类,18.59,4.62,2026-04-27,16.52,2026-04-29,15.13,2026-05-12,2026-06-30,122.54,1.58,97.14,33,56.61,0.71,邻近前低,15.13,2026-04-29,3.44,1,2026-08-14,1.44,1.05,True,12.4,18.677,14.373,27.285,23.04,2.0,9.78,,data/charts/600552.svg
B3,3,买点三·前低支撑确认,33.6,603969,银龙股份,未分类,7.26,3.27,2026-06-24,7.59,2026-06-26,6.64,2026-07-01,2026-07-06,26.81,1.43,100.0,29,17.7,0.67,邻近前低,6.64,2026-06-26,4.37,1,2026-08-14,1.57,1.59,True,0.01,7.295,6.308,9.268,13.52,2.0,1.5,,data/charts/603969.svg
B4,4,买点四·历史波谷支撑确认,72.2,000620,盈新发展,未分类,3.03,10.18,2026-06-09,3.28,2026-06-24,2.79,2026-06-26,2026-07-02,41.94,2.59,100.0,31,35.35,0.33,历史波谷,2.62,2026-04-03,2.29,3,2026-08-14,2.0,2.36,True,10.34,3.036,2.62,3.868,13.7,2.0,15.82,,data/charts/000620.svg
B4,4,买点四·历史波谷支撑确认,71.7,003017,大洋生物,未分类,22.37,3.04,2026-06-15,22.567,2026-06-22,20.825,2026-06-30,2026-07-02,20.86,2.84,100.0,31,22.92,0.39,历史波谷,19.558,2025-06-13,0.81,2,2026-08-14,3.74,2.38,True,6.93,23.377,19.558,31.014,16.34,2.0,0.91,,data/charts/003017.svg
B4,4,买点四·历史波谷支撑确认,69.3,601137,博威合金,未分类,18.4,3.14,2026-05-26,22.409,2026-06-01,19.259,2026-06-05,2026-06-17,40.66,3.12,100.0,41,39.76,0.49,历史波谷,16.168,2025-04-28,0.94,2,2026-08-14,1.33,1.76,True,6.71,18.988,16.168,24.628,14.85,2.0,4.48,,data/charts/601137.svg
B4,4,买点四·历史波谷支撑确认,68.5,000831,中国稀土,未分类,60.95,10.0,2026-04-13,53.271,2026-06-02,47.401,2026-06-12,2026-06-22,41.03,2.31,100.0,39,32.72,0.41,历史波谷,46.681,2026-04-07,3.64,2,2026-08-14,4.72,3.15,True,18.61,61.072,46.681,89.854,23.56,2.0,54.17,,data/charts/000831.svg
B4,4,买点四·历史波谷支撑确认,68.2,600769,祥龙电业,未分类,16.51,9.99,2026-04-15,15.45,2026-04-17,14.5,2026-06-17,2026-06-23,57.52,1.27,100.0,38,45.27,0.39,历史波谷,12.85,2026-04-07,2.72,2,2026-08-14,3.4,2.32,True,17.28,16.543,12.85,23.929,22.32,2.0,3.11,,data/charts/600769.svg
B4,4,买点四·历史波谷支撑确认,68.0,605090,九丰能源,未分类,36.31,5.95,2026-06-12,37.55,2026-07-09,32.71,2026-07-10,2026-07-15,29.47,3.3,100.0,22,28.31,0.32,历史波谷,31.37,2025-12-03,3.22,3,2026-08-14,2.61,2.19,True,8.73,36.563,31.37,46.949,14.2,2.0,10.24,,data/charts/605090.svg
B4,4,买点四·历史波谷支撑确认,67.5,600392,盛和资源,未分类,23.9,4.59,2026-05-11,27.52,2026-06-02,21.0,2026-06-16,2026-06-22,63.33,3.63,100.0,39,42.24,0.37,历史波谷,20.6,2026-03-24,3.83,2,2026-08-14,1.26,1.23,True,9.17,24.008,20.6,30.824,14.19,2.0,22.59,,data/charts/600392.svg
B4,4,买点四·历史波谷支撑确认,65.1,002635,安洁科技,未分类,15.93,3.24,2026-06-05,18.08,2026-06-12,15.74,2026-06-25,2026-07-02,57.18,2.43,100.0,31,48.67,0.47,历史波谷,12.48,2025-06-23,1.76,2,2026-08-14,1.05,1.14,True,13.2,16.182,12.48,23.587,22.88,2.0,3.17,,data/charts/002635.svg
